Ticker,Handle 1,2,3,…,,,,,,,,,,,,,,,,,,,,,,,,,,,,,,,,,,,,,,,,,,,,,,,,,,,,,,,,,,,,,,,,,,,,,,,,,,,,,,,,,,,,,,,,,,,,,,,,,,,,,,,,,,,,,,,,,,,,,,,,,,,,,,,,,,,,,,,,,,,,,,,,,,,,,,,,,,,,,,,,,,,,,,,,,,,,,,,,,,,,,,,,,,,,,,,,,,,,,,,,,,,,,,,,,,,,,,,,,,,,,,,,,,,,,,,,,,,,,,,,,,,,,,,,,,,,,,,,,,,,,,,,,,,,,,,,,,,,,,,,,,,,,,,,,,,,,,,,
MMM,@3M,@3MNewsroom,,,,,,,,,,,,,,,,,,,,,,,,,,,,,,,,,,,,,,,,,,,,,,,,,,,,,,,,,,,,,,,,,,,,,,,,,,,,,,,,,,,,,,,,,,,,,,,,,,,,,,,,,,,,,,,,,,,,,,,,,,,,,,,,,,,,,,,,,,,,,,,,,,,,,,,,,,,,,,,,,,,,,,,,,,,,,,,,,,,,,,,,,,,,,,,,,,,,,,,,,,,,,,,,,,,,,,,,,,,,,,,,,,,,,,,,,,,,,,,,,,,,,,,,,,,,,,,,,,,,,,,,,,,,,,,,,,,,,,,,,,,,,,,,,,,,,,,,,,
AAP,@AdvanceAuto,@AdvanceAutoPro,,,,,,,,,,,,,,,,,,,,,,,,,,,,,,,,,,,,,,,,,,,,,,,,,,,,,,,,,,,,,,,,,,,,,,,,,,,,,,,,,,,,,,,,,,,,,,,,,,,,,,,,,,,,,,,,,,,,,,,,,,,,,,,,,,,,,,,,,,,,,,,,,,,,,,,,,,,,,,,,,,,,,,,,,,,,,,,,,,,,,,,,,,,,,,,,,,,,,,,,,,,,,,,,,,,,,,,,,,,,,,,,,,,,,,,,,,,,,,,,,,,,,,,,,,,,,,,,,,,,,,,,,,,,,,,,,,,,,,,,,,,,,,,,,,,,,,,,,,
ALK,@AkaskaAir,@VirginAmerica,@horizonairgroup,,,,,,,,,,,,,,,,,,,,,,,,,,,,,,,,,,,,,,,,,,,,,,,,,,,,,,,,,,,,,,,,,,,,,,,,,,,,,,,,,,,,,,,,,,,,,,,,,,,,,,,,,,,,,,,,,,,,,,,,,,,,,,,,,,,,,,,,,,,,,,,,,,,,,,,,,,,,,,,,,,,,,,,,,,,,,,,,,,,,,,,,,,,,,,,,,,,,,,,,,,,,,,,,,,,,,,,,,,,,,,,,,,,,,,,,,,,,,,,,,,,,,,,,,,,,,,,,,,,,,,,,,,,,,,,,,,,,,,,,,,,,,,,,,,,,,,,,,
GOOG,@Google,@GoogleChrome,@GoogleNewsLab,@YouTubeTV,@GoogleEurope,@DeepMindAI,@Theteamatx,@GoogleAnalytics,@gdg,@AndroidWear,@GoogleForEdu,@Chromecast,@GoogleDesign,@GooglePhotos,@YouTubeGaming,@GooglePlayMusic,@GooglePlus,@GoogleTrends,@GoogleStore,@localguides,@googlevr,@googledocs,@googlemexico,@inboxbygmail,@googleespanol,@YouTubeSpaceNY,@madewithcode,@GoogleUK,@GoogleForEntrep,@nest,@GoogleCR,@GoogleWDesigner,@googleexpress,@googlealumni,@GooglePH,@GooglePlay,@googlefiber,@google_IDN,@googlewallet,@Zagat,@googlearts,@YTCreators,@Android,@ThinkwithGoogle,@JigsawTeam,@googlepolitics,@googlescifair,@GoogleDoodles,@googletesting,@googletalks,@googlenonprofit,@GoogleIndia,@B2BUK,@googlefonts,@googlenexus,@googledrive,@googleaccess,@adwords,@gmail,@gsoc,@googlecodejam,@googlemobile,@doubleclick,@GoogleMapsAPI,@GoogleSmallBiz,@ChromiumDev,@GSuiteDevs,@googleafrica,@GVTeam,@AndroidDev,@GoogleBrasil,@lifeatgoogle,@googleanalytics,@GoogleTravel,@googlepubpolicy,@googlecanada,@YTAdvertisers,@googledevs,@googlewmc,@earthoutreach,@googleearth,@googlecalendar,@googleresearch,@googlestudents,@googlemaps,@googledownunder,@Adsense,@gsuite,@blogger,@YouTube,@googlecloud,,,,,,,,,,,,,,,,,,,,,,,,,,,,,,,,,,,,,,,,,,,,,,,,,,,,,,,,,,,,,,,,,,,,,,,,,,,,,,,,,,,,,,,,,,,,,,,,,,,,,,,,,,,,,,,,,,,,,,,,,,,,,,,,,,,,,,,,,,,,,,,,,,,,,,,,,,,,,,,,,,,,,,,,,,,,,,,,,,,,,,,,,,,,,,,,,,,,,,,,,,,,,,,,,
AMZN,@amazon,@amazonnews,@amazonca,@amazonhelp,@InsideAmazon,@amazonecho,@amazonprimenow,@amazonvideouk,@boschamazon,@amazonpub,@amazongiveaway,@transparent_tv,@amazon3psellers,@twitch,@amazonbr,@woot,@myamazon,@amazonfiretv,@amazonfashion,@IMDb,@IMDbTV,@AlphaHouse,@amazonsmile,@IMDbLive,@amazonstudent,@amazonappstore,@amazontoys,@awscloud,@amazonUK,@amazonappdev,@amazonstudios,@amazonassociate,@amazonkindle,@amazonmusicUK,@amazontechdeals,@amazonvideo,@amazonbooks,@amazonpay,@amazongames,@amazondeals,@amazonmusic,@zappos,@zapposinsights,@audible_com,@audibleuk,@audiblesupport,@audible_au,@zappos_mobile,@zapposluxury,@souq,@souqksa,@souqEgypt,@abebooks,@abebooks_DE,@AbeBooks_FR,@CurseGamepedia,@amazonpay,@diapersdotcom,@comixology,@amazonlab126,@amazontechdeals,@amazonnewseu,@amazoncoins,@createspace,,,,,,,,,,,,,,,,,,,,,,,,,,,,,,,,,,,,,,,,,,,,,,,,,,,,,,,,,,,,,,,,,,,,,,,,,,,,,,,,,,,,,,,,,,,,,,,,,,,,,,,,,,,,,,,,,,,,,,,,,,,,,,,,,,,,,,,,,,,,,,,,,,,,,,,,,,,,,,,,,,,,,,,,,,,,,,,,,,,,,,,,,,,,,,,,,,,,,,,,,,,,,,,,,,,,,,,,,,,,,,,,,,,,,,,,,,,,
AXP,@americanexpress,@amexuk,@amexau,@amexIndia,@shopsmall,@askamex,@amexCanada,@AskAmexCanada,@askamexAU,,,,,,,,,,,,,,,,,,,,,,,,,,,,,,,,,,,,,,,,,,,,,,,,,,,,,,,,,,,,,,,,,,,,,,,,,,,,,,,,,,,,,,,,,,,,,,,,,,,,,,,,,,,,,,,,,,,,,,,,,,,,,,,,,,,,,,,,,,,,,,,,,,,,,,,,,,,,,,,,,,,,,,,,,,,,,,,,,,,,,,,,,,,,,,,,,,,,,,,,,,,,,,,,,,,,,,,,,,,,,,,,,,,,,,,,,,,,,,,,,,,,,,,,,,,,,,,,,,,,,,,,,,,,,,,,,,,,,,,,,,,,,,,,,,,
AAPL,@applesupport,@apple,@appstore,@applemusic,@appleinsider,@applepodcasts,@itunestrailers,@appleedu,@applenews,@applenewsuk,@applenewsau,@ibooks,@applevis,@AppStoreES,@applemusicjapan,@applemusices,@appstorejp,@itunesjapan,@itunesfestival,@beatssupport,@beatsbydre,@appstoregames,@itunes,@itunesmovies,@itunestv,@beatsbydreuk,@filemaker,,,,,,,,,,,,,,,,,,,,,,,,,,,,,,,,,,,,,,,,,,,,,,,,,,,,,,,,,,,,,,,,,,,,,,,,,,,,,,,,,,,,,,,,,,,,,,,,,,,,,,,,,,,,,,,,,,,,,,,,,,,,,,,,,,,,,,,,,,,,,,,,,,,,,,,,,,,,,,,,,,,,,,,,,,,,,,,,,,,,,,,,,,,,,,,,,,,,,,,,,,,,,,,,,,,,,,,,,,,,,,,,,,,,,,,,,,,,,,,,,,,,,,,,,,,,,,,,,,,,,,,,,,,,,,,,,
AMAT,,,,,,,,,,,,,,,,,,,,,,,,,,,,,,,,,,,,,,,,,,,,,,,,,,,,,,,,,,,,,,,,,,,,,,,,,,,,,,,,,,,,,,,,,,,,,,,,,,,,,,,,,,,,,,,,,,,,,,,,,,,,,,,,,,,,,,,,,,,,,,,,,,,,,,,,,,,,,,,,,,,,,,,,,,,,,,,,,,,,,,,,,,,,,,,,,,,,,,,,,,,,,,,,,,,,,,,,,,,,,,,,,,,,,,,,,,,,,,,,,,,,,,,,,,,,,,,,,,,,,,,,,,,,,,,,,,,,,,,,,,,,,,,,,,,,,,,,,,,,
ATT,@att,@attjobs,@attcares,@attcareers,@itcanwait,@attbusiness,@attdeals,@attsmallbiz,@cricketnation,@micricket,@directv,@directvservice,@directvnowhelp,@directvnow,@directvsports,@directvservicio,@directvsportsVE,@redzonechannel,@directvVE,@directvLA,@directvPR,@directvAR,,,,,,,,,,,,,,,,,,,,,,,,,,,,,,,,,,,,,,,,,,,,,,,,,,,,,,,,,,,,,,,,,,,,,,,,,,,,,,,,,,,,,,,,,,,,,,,,,,,,,,,,,,,,,,,,,,,,,,,,,,,,,,,,,,,,,,,,,,,,,,,,,,,,,,,,,,,,,,,,,,,,,,,,,,,,,,,,,,,,,,,,,,,,,,,,,,,,,,,,,,,,,,,,,,,,,,,,,,,,,,,,,,,,,,,,,,,,,,,,,,,,,,,,,,,,,,,,,,,,,,,,,,,,,,,,,,,,,,
AVT,@avnet,,,,,,,,,,,,,,,,,,,,,,,,,,,,,,,,,,,,,,,,,,,,,,,,,,,,,,,,,,,,,,,,,,,,,,,,,,,,,,,,,,,,,,,,,,,,,,,,,,,,,,,,,,,,,,,,,,,,,,,,,,,,,,,,,,,,,,,,,,,,,,,,,,,,,,,,,,,,,,,,,,,,,,,,,,,,,,,,,,,,,,,,,,,,,,,,,,,,,,,,,,,,,,,,,,,,,,,,,,,,,,,,,,,,,,,,,,,,,,,,,,,,,,,,,,,,,,,,,,,,,,,,,,,,,,,,,,,,,,,,,,,,,,,,,,,,,,,,,,,
BAC,@bankofamerica,@bofa_news,@bofa_help,@bofa_tips,@bofa_careers,@BofAML,@BofAML_Careers,@merrilllynch,@ML_careers,@MerrillEdge,@USTrust,,,,,,,,,,,,,,,,,,,,,,,,,,,,,,,,,,,,,,,,,,,,,,,,,,,,,,,,,,,,,,,,,,,,,,,,,,,,,,,,,,,,,,,,,,,,,,,,,,,,,,,,,,,,,,,,,,,,,,,,,,,,,,,,,,,,,,,,,,,,,,,,,,,,,,,,,,,,,,,,,,,,,,,,,,,,,,,,,,,,,,,,,,,,,,,,,,,,,,,,,,,,,,,,,,,,,,,,,,,,,,,,,,,,,,,,,,,,,,,,,,,,,,,,,,,,,,,,,,,,,,,,,,,,,,,,,,,,,,,,,,,,,,,,,
BRKA,@benbridgejwlr,@benjamin_moore,@benjaminMooreCA,@TheBuffaloNews,@TBNSports,@BuffaloFood,@BusinessWire,@dairyqueen,@DQCanada,@duracell,@duracellUK,@neverpowerless,@FruitOfTheLoom,@geico,@geico_Service,@geicoRacing,@TheGEICOGecko,@helzberg,@nfmtweets,@netjets,@OWHnews,@OWHbigred,@OWHsports,@RCWilley,@wplglocal10,,,,,,,,,,,,,,,,,,,,,,,,,,,,,,,,,,,,,,,,,,,,,,,,,,,,,,,,,,,,,,,,,,,,,,,,,,,,,,,,,,,,,,,,,,,,,,,,,,,,,,,,,,,,,,,,,,,,,,,,,,,,,,,,,,,,,,,,,,,,,,,,,,,,,,,,,,,,,,,,,,,,,,,,,,,,,,,,,,,,,,,,,,,,,,,,,,,,,,,,,,,,,,,,,,,,,,,,,,,,,,,,,,,,,,,,,,,,,,,,,,,,,,,,,,,,,,,,,,,,,,,,,,,,,,,,,,,
BA ,@boeing,@boeingairplanes,@boeingdefense,@boeingeurope,@boeingmideast,@boeingcareers,@boeinguk,@boeingjapan,@weareboeingsc,,,,,,,,,,,,,,,,,,,,,,,,,,,,,,,,,,,,,,,,,,,,,,,,,,,,,,,,,,,,,,,,,,,,,,,,,,,,,,,,,,,,,,,,,,,,,,,,,,,,,,,,,,,,,,,,,,,,,,,,,,,,,,,,,,,,,,,,,,,,,,,,,,,,,,,,,,,,,,,,,,,,,,,,,,,,,,,,,,,,,,,,,,,,,,,,,,,,,,,,,,,,,,,,,,,,,,,,,,,,,,,,,,,,,,,,,,,,,,,,,,,,,,,,,,,,,,,,,,,,,,,,,,,,,,,,,,,,,,,,,,,,,,,,,,,
BP,@bp_plc,@bp_america,@bp_press,,,,,,,,,,,,,,,,,,,,,,,,,,,,,,,,,,,,,,,,,,,,,,,,,,,,,,,,,,,,,,,,,,,,,,,,,,,,,,,,,,,,,,,,,,,,,,,,,,,,,,,,,,,,,,,,,,,,,,,,,,,,,,,,,,,,,,,,,,,,,,,,,,,,,,,,,,,,,,,,,,,,,,,,,,,,,,,,,,,,,,,,,,,,,,,,,,,,,,,,,,,,,,,,,,,,,,,,,,,,,,,,,,,,,,,,,,,,,,,,,,,,,,,,,,,,,,,,,,,,,,,,,,,,,,,,,,,,,,,,,,,,,,,,,,,,,,,,,
CAT,@caterpillarinc,@catmining,,,,,,,,,,,,,,,,,,,,,,,,,,,,,,,,,,,,,,,,,,,,,,,,,,,,,,,,,,,,,,,,,,,,,,,,,,,,,,,,,,,,,,,,,,,,,,,,,,,,,,,,,,,,,,,,,,,,,,,,,,,,,,,,,,,,,,,,,,,,,,,,,,,,,,,,,,,,,,,,,,,,,,,,,,,,,,,,,,,,,,,,,,,,,,,,,,,,,,,,,,,,,,,,,,,,,,,,,,,,,,,,,,,,,,,,,,,,,,,,,,,,,,,,,,,,,,,,,,,,,,,,,,,,,,,,,,,,,,,,,,,,,,,,,,,,,,,,,,
CC,,,,,,,,,,,,,,,,,,,,,,,,,,,,,,,,,,,,,,,,,,,,,,,,,,,,,,,,,,,,,,,,,,,,,,,,,,,,,,,,,,,,,,,,,,,,,,,,,,,,,,,,,,,,,,,,,,,,,,,,,,,,,,,,,,,,,,,,,,,,,,,,,,,,,,,,,,,,,,,,,,,,,,,,,,,,,,,,,,,,,,,,,,,,,,,,,,,,,,,,,,,,,,,,,,,,,,,,,,,,,,,,,,,,,,,,,,,,,,,,,,,,,,,,,,,,,,,,,,,,,,,,,,,,,,,,,,,,,,,,,,,,,,,,,,,,,,,,,,,,
CVX,@chevron,@skiltools,,,,,,,,,,,,,,,,,,,,,,,,,,,,,,,,,,,,,,,,,,,,,,,,,,,,,,,,,,,,,,,,,,,,,,,,,,,,,,,,,,,,,,,,,,,,,,,,,,,,,,,,,,,,,,,,,,,,,,,,,,,,,,,,,,,,,,,,,,,,,,,,,,,,,,,,,,,,,,,,,,,,,,,,,,,,,,,,,,,,,,,,,,,,,,,,,,,,,,,,,,,,,,,,,,,,,,,,,,,,,,,,,,,,,,,,,,,,,,,,,,,,,,,,,,,,,,,,,,,,,,,,,,,,,,,,,,,,,,,,,,,,,,,,,,,,,,,,,,
CSCO,@cisco,@meraki,@AppDynamics,@opendns,,,,,,,,,,,,,,,,,,,,,,,,,,,,,,,,,,,,,,,,,,,,,,,,,,,,,,,,,,,,,,,,,,,,,,,,,,,,,,,,,,,,,,,,,,,,,,,,,,,,,,,,,,,,,,,,,,,,,,,,,,,,,,,,,,,,,,,,,,,,,,,,,,,,,,,,,,,,,,,,,,,,,,,,,,,,,,,,,,,,,,,,,,,,,,,,,,,,,,,,,,,,,,,,,,,,,,,,,,,,,,,,,,,,,,,,,,,,,,,,,,,,,,,,,,,,,,,,,,,,,,,,,,,,,,,,,,,,,,,,,,,,,,,,,,,,,,,,
C,@citi,@citibank,@citibanamex,,,,,,,,,,,,,,,,,,,,,,,,,,,,,,,,,,,,,,,,,,,,,,,,,,,,,,,,,,,,,,,,,,,,,,,,,,,,,,,,,,,,,,,,,,,,,,,,,,,,,,,,,,,,,,,,,,,,,,,,,,,,,,,,,,,,,,,,,,,,,,,,,,,,,,,,,,,,,,,,,,,,,,,,,,,,,,,,,,,,,,,,,,,,,,,,,,,,,,,,,,,,,,,,,,,,,,,,,,,,,,,,,,,,,,,,,,,,,,,,,,,,,,,,,,,,,,,,,,,,,,,,,,,,,,,,,,,,,,,,,,,,,,,,,,,,,,,,,
KO,@CocaCola,@CocaCola_Russia,@CocaColaCo,@WorldofCocaCola,@CocaColaLife,@CocaColaRacing,@ccfreestyle,@CokeMusic,@CocaCola_GB,@CokeFlorida,@thefans,@CocaColaEP,@CocaCola_ZA,@CocaColaAmatil,@CocaColaAU,@CocaColaRoxy,@CocacolaIE,@CocaColaCo_ca,@CocaColaMY,@CokeAmatilNZ,@CocaColaSG,@cocacola_ca,@cocacolaPH,@cokescholars,@ekocenter,@cokezero,@thelondoneye,@cocacola_es,@cocacolafr,@cocacola_ME,@cocacolaMx,@CocaColaForMeCL,@femsa,@cocacolaep_es,,,,,,,,,,,,,,,,,,,,,,,,,,,,,,,,,,,,,,,,,,,,,,,,,,,,,,,,,,,,,,,,,,,,,,,,,,,,,,,,,,,,,,,,,,,,,,,,,,,,,,,,,,,,,,,,,,,,,,,,,,,,,,,,,,,,,,,,,,,,,,,,,,,,,,,,,,,,,,,,,,,,,,,,,,,,,,,,,,,,,,,,,,,,,,,,,,,,,,,,,,,,,,,,,,,,,,,,,,,,,,,,,,,,,,,,,,,,,,,,,,,,,,,,,,,,,,,,,,,,,,,,,,
CMCSA,@comcast,@comcastcares,@xfinity,@comcastimpact,@comcastcareers,@comcastspotlight,@comcastbusiness,@comcastmilitary,@comcasttechsoln,@comcastpolicy,@nbcuniversal,@nbc,@nbcnews,@nbcnightlynews,@nbcsports,@nbcpolitics,@nbcnewyork,@nbc6,@nbcsportssoccer,@nbcla,@nbcbayarea,@nbcchicago,@nbcdfw,@nbclearn,@nbcsportsradio,@nbcnewsmach,@nbcfirstread,@nbcout,@nbcnewspictures,@focusfeatures,@hulu,@hulu_japan,@hulu_support,@hulu_headlines,@hulu_Jpsupport,@huluinsights,@hulu_jobs,@telemundo,@telemundoUY,@telemundonews,@telemundosports,@telemundopr,@telemundoaz,@telemundodenver,@telemundoCHI,@universalpics,@universalpicsbr,@universal_spain,@universalfr,@universalpicsau,@universal_nl,@universalmx,@universalpicsit,@universalpicsCH,@universal_BE,@universalent,@universal_irl,@unipicturescan,@universalind,@unistudios,@universalorl,@umg,@amblinEnt,@becraftsy,,,,,,,,,,,,,,,,,,,,,,,,,,,,,,,,,,,,,,,,,,,,,,,,,,,,,,,,,,,,,,,,,,,,,,,,,,,,,,,,,,,,,,,,,,,,,,,,,,,,,,,,,,,,,,,,,,,,,,,,,,,,,,,,,,,,,,,,,,,,,,,,,,,,,,,,,,,,,,,,,,,,,,,,,,,,,,,,,,,,,,,,,,,,,,,,,,,,,,,,,,,,,,,,,,,,,,,,,,,,,,,,,,,,,,,,,,,,
CSC ,@DXCTechnology,@DynCorpIntl,,,,,,,,,,,,,,,,,,,,,,,,,,,,,,,,,,,,,,,,,,,,,,,,,,,,,,,,,,,,,,,,,,,,,,,,,,,,,,,,,,,,,,,,,,,,,,,,,,,,,,,,,,,,,,,,,,,,,,,,,,,,,,,,,,,,,,,,,,,,,,,,,,,,,,,,,,,,,,,,,,,,,,,,,,,,,,,,,,,,,,,,,,,,,,,,,,,,,,,,,,,,,,,,,,,,,,,,,,,,,,,,,,,,,,,,,,,,,,,,,,,,,,,,,,,,,,,,,,,,,,,,,,,,,,,,,,,,,,,,,,,,,,,,,,,,,,,,,,
XRAY,,,,,,,,,,,,,,,,,,,,,,,,,,,,,,,,,,,,,,,,,,,,,,,,,,,,,,,,,,,,,,,,,,,,,,,,,,,,,,,,,,,,,,,,,,,,,,,,,,,,,,,,,,,,,,,,,,,,,,,,,,,,,,,,,,,,,,,,,,,,,,,,,,,,,,,,,,,,,,,,,,,,,,,,,,,,,,,,,,,,,,,,,,,,,,,,,,,,,,,,,,,,,,,,,,,,,,,,,,,,,,,,,,,,,,,,,,,,,,,,,,,,,,,,,,,,,,,,,,,,,,,,,,,,,,,,,,,,,,,,,,,,,,,,,,,,,,,,,,,,
DD,@DuPont_News,@DuPontPioneer,,,,,,,,,,,,,,,,,,,,,,,,,,,,,,,,,,,,,,,,,,,,,,,,,,,,,,,,,,,,,,,,,,,,,,,,,,,,,,,,,,,,,,,,,,,,,,,,,,,,,,,,,,,,,,,,,,,,,,,,,,,,,,,,,,,,,,,,,,,,,,,,,,,,,,,,,,,,,,,,,,,,,,,,,,,,,,,,,,,,,,,,,,,,,,,,,,,,,,,,,,,,,,,,,,,,,,,,,,,,,,,,,,,,,,,,,,,,,,,,,,,,,,,,,,,,,,,,,,,,,,,,,,,,,,,,,,,,,,,,,,,,,,,,,,,,,,,,,,
EKTAB,,,,,,,,,,,,,,,,,,,,,,,,,,,,,,,,,,,,,,,,,,,,,,,,,,,,,,,,,,,,,,,,,,,,,,,,,,,,,,,,,,,,,,,,,,,,,,,,,,,,,,,,,,,,,,,,,,,,,,,,,,,,,,,,,,,,,,,,,,,,,,,,,,,,,,,,,,,,,,,,,,,,,,,,,,,,,,,,,,,,,,,,,,,,,,,,,,,,,,,,,,,,,,,,,,,,,,,,,,,,,,,,,,,,,,,,,,,,,,,,,,,,,,,,,,,,,,,,,,,,,,,,,,,,,,,,,,,,,,,,,,,,,,,,,,,,,,,,,,,,
ETR,@entergy,,,,,,,,,,,,,,,,,,,,,,,,,,,,,,,,,,,,,,,,,,,,,,,,,,,,,,,,,,,,,,,,,,,,,,,,,,,,,,,,,,,,,,,,,,,,,,,,,,,,,,,,,,,,,,,,,,,,,,,,,,,,,,,,,,,,,,,,,,,,,,,,,,,,,,,,,,,,,,,,,,,,,,,,,,,,,,,,,,,,,,,,,,,,,,,,,,,,,,,,,,,,,,,,,,,,,,,,,,,,,,,,,,,,,,,,,,,,,,,,,,,,,,,,,,,,,,,,,,,,,,,,,,,,,,,,,,,,,,,,,,,,,,,,,,,,,,,,,,,
XOM,@exxonmobil,@exxonmobil_eu,@exxonmobil_sg,@exxonmobil_ger,@mobil1,@mobil1thegrid,@lightclientes,@Esso_GB,,,,,,,,,,,,,,,,,,,,,,,,,,,,,,,,,,,,,,,,,,,,,,,,,,,,,,,,,,,,,,,,,,,,,,,,,,,,,,,,,,,,,,,,,,,,,,,,,,,,,,,,,,,,,,,,,,,,,,,,,,,,,,,,,,,,,,,,,,,,,,,,,,,,,,,,,,,,,,,,,,,,,,,,,,,,,,,,,,,,,,,,,,,,,,,,,,,,,,,,,,,,,,,,,,,,,,,,,,,,,,,,,,,,,,,,,,,,,,,,,,,,,,,,,,,,,,,,,,,,,,,,,,,,,,,,,,,,,,,,,,,,,,,,,,,,
FB,@facebook,@fbanalytics,@fbnewsroom,@oculus,@oculus_dev,@oculusrift,@oculussupport,@whatsapp,@whatsapp_es,@wa_status,@instagram,,,,,,,,,,,,,,,,,,,,,,,,,,,,,,,,,,,,,,,,,,,,,,,,,,,,,,,,,,,,,,,,,,,,,,,,,,,,,,,,,,,,,,,,,,,,,,,,,,,,,,,,,,,,,,,,,,,,,,,,,,,,,,,,,,,,,,,,,,,,,,,,,,,,,,,,,,,,,,,,,,,,,,,,,,,,,,,,,,,,,,,,,,,,,,,,,,,,,,,,,,,,,,,,,,,,,,,,,,,,,,,,,,,,,,,,,,,,,,,,,,,,,,,,,,,,,,,,,,,,,,,,,,,,,,,,,,,,,,,,,,,,,,,,,
GE,@generalelectric,@geaustralia,@ge_uk,@gehealthcare,@ge_ventures,@wipro,@gecapital,@gecapitalCA,@gecapitalAUS,@sbicard_connect,@GEenergyConnect,@Gerenewables,@ge_power,@currentbyge,@Avitas_Systems,@ecomagination,@SYFNews,@AskSynchrony,@gehealthy,@gecareers,@geindia,@ge_digital,@geaviation,@cfm_engines,@gelighting,@ge_appliances,@gedetroit,@geinfosec,,,,,,,,,,,,,,,,,,,,,,,,,,,,,,,,,,,,,,,,,,,,,,,,,,,,,,,,,,,,,,,,,,,,,,,,,,,,,,,,,,,,,,,,,,,,,,,,,,,,,,,,,,,,,,,,,,,,,,,,,,,,,,,,,,,,,,,,,,,,,,,,,,,,,,,,,,,,,,,,,,,,,,,,,,,,,,,,,,,,,,,,,,,,,,,,,,,,,,,,,,,,,,,,,,,,,,,,,,,,,,,,,,,,,,,,,,,,,,,,,,,,,,,,,,,,,,,,,,,,,,,,,,,,,,,,
GAIN,,,,,,,,,,,,,,,,,,,,,,,,,,,,,,,,,,,,,,,,,,,,,,,,,,,,,,,,,,,,,,,,,,,,,,,,,,,,,,,,,,,,,,,,,,,,,,,,,,,,,,,,,,,,,,,,,,,,,,,,,,,,,,,,,,,,,,,,,,,,,,,,,,,,,,,,,,,,,,,,,,,,,,,,,,,,,,,,,,,,,,,,,,,,,,,,,,,,,,,,,,,,,,,,,,,,,,,,,,,,,,,,,,,,,,,,,,,,,,,,,,,,,,,,,,,,,,,,,,,,,,,,,,,,,,,,,,,,,,,,,,,,,,,,,,,,,,,,,,,,
GS,@goldmansachs,@GS10KSmallBiz,@gscareers,,,,,,,,,,,,,,,,,,,,,,,,,,,,,,,,,,,,,,,,,,,,,,,,,,,,,,,,,,,,,,,,,,,,,,,,,,,,,,,,,,,,,,,,,,,,,,,,,,,,,,,,,,,,,,,,,,,,,,,,,,,,,,,,,,,,,,,,,,,,,,,,,,,,,,,,,,,,,,,,,,,,,,,,,,,,,,,,,,,,,,,,,,,,,,,,,,,,,,,,,,,,,,,,,,,,,,,,,,,,,,,,,,,,,,,,,,,,,,,,,,,,,,,,,,,,,,,,,,,,,,,,,,,,,,,,,,,,,,,,,,,,,,,,,,,,,,,,,
HLAG,@HapagLloydAG ,@uascnet,,,,,,,,,,,,,,,,,,,,,,,,,,,,,,,,,,,,,,,,,,,,,,,,,,,,,,,,,,,,,,,,,,,,,,,,,,,,,,,,,,,,,,,,,,,,,,,,,,,,,,,,,,,,,,,,,,,,,,,,,,,,,,,,,,,,,,,,,,,,,,,,,,,,,,,,,,,,,,,,,,,,,,,,,,,,,,,,,,,,,,,,,,,,,,,,,,,,,,,,,,,,,,,,,,,,,,,,,,,,,,,,,,,,,,,,,,,,,,,,,,,,,,,,,,,,,,,,,,,,,,,,,,,,,,,,,,,,,,,,,,,,,,,,,,,,,,,,,,
HD,@HomeDepot,@HomeDepotCareer,@HomeDepotCanada,@TheHomeDepotMx,,,,,,,,,,,,,,,,,,,,,,,,,,,,,,,,,,,,,,,,,,,,,,,,,,,,,,,,,,,,,,,,,,,,,,,,,,,,,,,,,,,,,,,,,,,,,,,,,,,,,,,,,,,,,,,,,,,,,,,,,,,,,,,,,,,,,,,,,,,,,,,,,,,,,,,,,,,,,,,,,,,,,,,,,,,,,,,,,,,,,,,,,,,,,,,,,,,,,,,,,,,,,,,,,,,,,,,,,,,,,,,,,,,,,,,,,,,,,,,,,,,,,,,,,,,,,,,,,,,,,,,,,,,,,,,,,,,,,,,,,,,,,,,,,,,,,,,,
INTC,@intel,@intelnews,@intelsoftware,@intelgaming,@IEM,@inteliot,@intelitcenter,@jobsatintel,@intelcapital,@intelAI,@intelsecurity,@intelcanada,@intelindia,@intelstorage,@intelretail,@intelwestafrica,@intelpolicy,@intel_africa,@intelUK,@Mobileye,@McAfee,@McAfee_Business,@McAfee_Home,,,,,,,,,,,,,,,,,,,,,,,,,,,,,,,,,,,,,,,,,,,,,,,,,,,,,,,,,,,,,,,,,,,,,,,,,,,,,,,,,,,,,,,,,,,,,,,,,,,,,,,,,,,,,,,,,,,,,,,,,,,,,,,,,,,,,,,,,,,,,,,,,,,,,,,,,,,,,,,,,,,,,,,,,,,,,,,,,,,,,,,,,,,,,,,,,,,,,,,,,,,,,,,,,,,,,,,,,,,,,,,,,,,,,,,,,,,,,,,,,,,,,,,,,,,,,,,,,,,,,,,,,,,,,,,,,,,,,
IBM,@IBM,@IBMWatson,@IBMNews,@IBMResearch,@IBMcloud,@ibmdesign,@developerWorks,@ibmmobile,@IBMSecurity,@IBMStorage,@watsonanalytics,@IBMRedbooks,@ibmcommerce,@ibm_in,@ibmevents,@IBMPowerSystems,@ibmaustralia,@ibm_france,@IBM_JAPAN,,,,,,,,,,,,,,,,,,,,,,,,,,,,,,,,,,,,,,,,,,,,,,,,,,,,,,,,,,,,,,,,,,,,,,,,,,,,,,,,,,,,,,,,,,,,,,,,,,,,,,,,,,,,,,,,,,,,,,,,,,,,,,,,,,,,,,,,,,,,,,,,,,,,,,,,,,,,,,,,,,,,,,,,,,,,,,,,,,,,,,,,,,,,,,,,,,,,,,,,,,,,,,,,,,,,,,,,,,,,,,,,,,,,,,,,,,,,,,,,,,,,,,,,,,,,,,,,,,,,,,,,,,,,,,,,,,,,,,,,,
JEC,,,,,,,,,,,,,,,,,,,,,,,,,,,,,,,,,,,,,,,,,,,,,,,,,,,,,,,,,,,,,,,,,,,,,,,,,,,,,,,,,,,,,,,,,,,,,,,,,,,,,,,,,,,,,,,,,,,,,,,,,,,,,,,,,,,,,,,,,,,,,,,,,,,,,,,,,,,,,,,,,,,,,,,,,,,,,,,,,,,,,,,,,,,,,,,,,,,,,,,,,,,,,,,,,,,,,,,,,,,,,,,,,,,,,,,,,,,,,,,,,,,,,,,,,,,,,,,,,,,,,,,,,,,,,,,,,,,,,,,,,,,,,,,,,,,,,,,,,,,,
JNJ,@JNJNews,@JNJCares,@JNJParents,@JNJHistory,@donateaphoto,@JNJInnovation,@JNJNursingNotes,@JNJCareers,@JNJUniversity,@JNJGlobalHealth,@JNJAfrica,@JNJTA_UK,@JanssenUK,@JanssenUS,@JanssenEMEA,@JanssenIE,@JanssenGlobal,@JanssenCanada,@actelion_com,@Ethicon,@EthiconSurgical,@EthiconProfEd,@Neutrogena,@NeutrogenaCA,@NeutrogenaIndia,@neutrogena_agen,@NeutrogenaSun,@NeutrogenaFr,@NeutrogenaPH,@neutrogena_usa,@skiniD,@SafeInSunTour,@_neutrogena,@NeutrogenaRep,@NeutrogenaVN,@NeutrogenaClean,@NeutrogenaHelps,@NeutrogenaStore,@Neutrogena_Esp,@TryskiniD,@DePuySynthes,@JNJStories,@JNJComm,@JJVCglobal,@lifescangh,@Janssen-Cilag,@BiosenseWebster,@AbbottNews,@AbbottGlobal,@Tibotec,@JCGS717,@BandaidBR,@Acuvue,@AcuvuePro,@Acuvue_JP,@AcuvueID,@AcuvueOasys,@acuvue_Japan,@AcuvueJP,@ACUVUESG,@AcuvueStore_JP,@AcuvueEgypt,@ACUVUEHK,@Benadryl,@cleanandclear,@cleanandclearID,@Lactaid,@Listerine,@ListerineGlobal,@ListerineID,@listerinebr,@LISTERINE_jjkk,@Lubriderm_Mx,@LubridermMen,@MotrinCA,@motrinmoms,@nicorette,@OneTouchUltra,@RolaidsCanada,@RolaidsCanadaFR,@Splenda,@SPLENDALatam,@tylenol,@visine,,,,,,,,,,,,,,,,,,,,,,,,,,,,,,,,,,,,,,,,,,,,,,,,,,,,,,,,,,,,,,,,,,,,,,,,,,,,,,,,,,,,,,,,,,,,,,,,,,,,,,,,,,,,,,,,,,,,,,,,,,,,,,,,,,,,,,,,,,,,,,,,,,,,,,,,,,,,,,,,,,,,,,,,,,,,,,,,,,,,,,,,,,,,,,,,,,,,,,,,,,,,,,,,,,,,,,,,
JCI,@johnsoncontrols,@JCI_Buildings,@JCI_IR,@JCI_BatteryBeat,@JCI_Careers,@VARTAbatteryUSA,@VARTAPowersport,VARTABATTERIES1,@VartaColombia,@TycoSecurityPro,@TycoBMW,@Tyco_IS,@TycoFPPCanada,@TycoFire,@tyco_ifs_UKI,@TycoSecProTech,@TycoRetailNews,@TycoGFD,@TycoSG,@Tyc0Careers,@TycoSWH_Support,@tycoproteccion,@TycoCE,@TycoBNL,@TycoMechathon,@ANSULFire,@Grinnell_Mech,@ShopperTrak,@ShopperTrakEMEA,@ShopperTrakUK,@ReTelTech,@ShopperTrakFR,@ShopperTrakDE,@ShopperTrakES,@ShopperTrakIT,@ShopperTrakLabs,@OptimaBatteries,@HygoodFire,@AmerDynamics,@TycoSPDocs,@chemguard,@ADT,@ADTJobs,@ADT_UK,@ProtectYourHome,@FidelityADT,@apexadtsecurity,@exacq,@DSC_Security,@Scott_Safety,@ScottSafetyEMEA,@ScottSafetyANZ,@EASsensormatic,@SWHouseSecurity,@CEMSystems,@Quantech_HVAC,@HitachiGlobal,@HitachiEurope,@Hitachi_US,@HitachiInsight,@HitachiRailEU,@HitachiCME,@HITACHITOOLS,@SocInnovBiz_US,@HitachiHome,@HitachiToolsUSA,@HALProjectors,@HitachiAV,@HitachiSolUSPSG,@ArrowHitachi,@HIT_Consulting,@hitachiheating,@LuzaireHVAC,@LuzaireCares,@LuxaireHvacSer,@Colemanaus,@MetasysMan,,,,,,,,,,,,,,,,,,,,,,,,,,,,,,,,,,,,,,,,,,,,,,,,,,,,,,,,,,,,,,,,,,,,,,,,,,,,,,,,,,,,,,,,,,,,,,,,,,,,,,,,,,,,,,,,,,,,,,,,,,,,,,,,,,,,,,,,,,,,,,,,,,,,,,,,,,,,,,,,,,,,,,,,,,,,,,,,,,,,,,,,,,,,,,,,,,,,,,,,,,,,,,,,,,,,,,,,,,,,,,,
JPM,@JPMorgan_UK,@jpmorgan,@Chase,@ChaseforBiz,@ChaseSupport,@ChasePaymentech,@ProvidianGlobal,@ClimateCare,@JPMCapital,@HOMESALESINC,,,,,,,,,,,,,,,,,,,,,,,,,,,,,,,,,,,,,,,,,,,,,,,,,,,,,,,,,,,,,,,,,,,,,,,,,,,,,,,,,,,,,,,,,,,,,,,,,,,,,,,,,,,,,,,,,,,,,,,,,,,,,,,,,,,,,,,,,,,,,,,,,,,,,,,,,,,,,,,,,,,,,,,,,,,,,,,,,,,,,,,,,,,,,,,,,,,,,,,,,,,,,,,,,,,,,,,,,,,,,,,,,,,,,,,,,,,,,,,,,,,,,,,,,,,,,,,,,,,,,,,,,,,,,,,,,,,,,,,,,,,,,,,,,,
MCD,@McDonalds,@McDonaldsUK,@McDonaldsCorp,@McDonaldUKNews,@McDonaldsEurope,@McDonaldsPK,@McDonaldsIRL,@McDonaldsLeb,@McDonalds_BR,@McDonaldsMexico,@McDonaldsArabia,@McDonaldsQatar,@McDonalds_RD,@McDonalds_SA,@McDonalds_DMV,@NebMcDonalds,@McDonaldsETN,@McDonalds_Cincy,@McDonalds_NWOH,@McDonalds_MI,@McDonalds_SoCal,@McDonaldsCBUS,@McDonaldsATL,@MyIndyMcDonalds,@McDonaldsVegas,@McDonaldsHawaii,@McDonaldsSWVA,@McDNYTriState,@McDonalds_SWFL,@McDonaldsNW,@McDonalds_Utah,@McDonaldsofCary,@McDonalds_TT,@McDonaldsSATX,@QuadCitiesMcD,@TwinPortsMcD,@McDonalds_Perry,@McDonaldsRGV,@mcdonalds_aa,@McDonaldsCol,@McDonaldsKSA,@McDonalds_CA,@McDonalds_RD,@McD_PalmBeach,@McDonalds_PTR,@McD_Madison,@McD_Evansville,@mcdonaldspecial,@McDonalds_FWI,@McDonaldsOdiel,@McDonalds_LP,@McCafe,@McCafeIced,@McCafe_Latte,@McCafeVE,@McDonaldsBucara,@McCafeCalgary,@mcdonaldsralnc,@McCafeParaguay,@McCafe_Cibubur,@mccafe_ru,@McFlurryLife,@RMHC,@RMHCCNI,@RMHCCanada,@RMHC_Ireland,@RMHCSeattle,@rmhcsfl,@RMHCUK,@RMHCSouthLa,@RMHC_SoCal,@ARMHC,@rmhofcharlotte,@rmhchattanooga,@PhilaRMH,@RMHStandford,@RMHCTucson,@RMHIdaho,@RMHCPhoenix,@RMHCFargo,@RMHCUtah,@RMHBC,@RMHCRichmond,@RMHCCTX,@RMH_LI,@RMHCSWO,@rmhcmadison,@RMHCMobile,@RMHCharleston,@rmhctampabay,@rmhcoregon,@RMHDesMoines,@RMHCNewZealand,@RMHCMidMo,@RonMcDHouseCS,@RMHCCF,@RMHCMorgantown,@RMHCTulsa,@RMH_Ottawa,@RMHCMaine,@teamrmh,,,,,,,,,,,,,,,,,,,,,,,,,,,,,,,,,,,,,,,,,,,,,,,,,,,,,,,,,,,,,,,,,,,,,,,,,,,,,,,,,,,,,,,,,,,,,,,,,,,,,,,,,,,,,,,,,,,,,,,,,,,,,,,,,,,,,,,,,,,,,,,,,,,,,,,,,,,,,,,,,,,,,,,,,,,,,,,,,,,,,,,,,,,,,,,,,,,,,,,
MRK,@Merck,@MerckforMothers,@USMerckProducts,@MerckAH,@MerckVetManual,@MerckIMInspired,@MerckCanada,@merckgroup,@MerckManualHome,@MerckEngage,@merck_fr,@MerckManualPet,@MerckHealthcare,@MerckManualPro,@Merck_lifesci,@MerckAndMothers,@MerckAfrica,@Merck_MCCP,@MerckCAP,@MerckIndia,@Merck_MARS,@EMDSerono,@Merck4Patients,@IdenixPharma,@C3iCustCare,@C3iLifeSci,,,,,,,,,,,,,,,,,,,,,,,,,,,,,,,,,,,,,,,,,,,,,,,,,,,,,,,,,,,,,,,,,,,,,,,,,,,,,,,,,,,,,,,,,,,,,,,,,,,,,,,,,,,,,,,,,,,,,,,,,,,,,,,,,,,,,,,,,,,,,,,,,,,,,,,,,,,,,,,,,,,,,,,,,,,,,,,,,,,,,,,,,,,,,,,,,,,,,,,,,,,,,,,,,,,,,,,,,,,,,,,,,,,,,,,,,,,,,,,,,,,,,,,,,,,,,,,,,,,,,,,,,,,,,,,,,,
MSFT,@Microsoft,@MSFTnews,@Windows,@Office,@ch9,@Azure,@MicrosoftStore,@MicrosoftEdge,@VisualStudio,@MSLearning,@MSCloud,@surface,@MSFTResearch,@MicrosoftHelps,@Lumia,@msPartner,@msdev,@BillGates,@Sharepoint,@MicrosoftEDU,@MSFT_Business,@MicrosoftPress,@whymicrosoft,@msftsecurity,@MSFTImagine,@HoloLens,@EverythingMS,@SQLServer,@MicrosoftJobs,msonenote,@OpenAtMicrosoft,@windowsblog,@MS_Ignite,@Office365,@MSEurope,@msdevUK,@microsoftband,@msexcel,@MicrosoftAU,@Microsoft_SG,@MicrosoftTeams,@Microsoft_Green,@msuspartner,@MSFTMechanics,@microsofteduk,@Microsoftbe,@MicrosoftIPC,@Outlook,@project,@msftmmpc,@msdev_fr,@MicrosoftIRLBiz,@MicrosoftMalta,@MSAUedu,@msdevCA,@MSFTMobility,@windowscentral,@MSVirtAcademy,@MicrosoftWomen,SkypeBusiness,@MSFTEnvision,@MicrosoftSA,@VSSubscriptions,@azuread,@MSFTEnable,@msdevbelux,@MicrosoftHilft,@Opennessmsmea,@MicrosoftNorge,@Yammer,@YammerOps,@YammerSupport,@YammerProduct,@yammereng,@Mojang,@MojangSupport,@MojangStatus,@MojangMCPEHELP,@mojang2team,@MCPE_TeamMojang,@StorSimple,@xamarinhq,@XamarinEvents,@TheXamarinShow,@XamarinU,@MSStudiosBlog,@MSFTStudiosUR,@windowsstore,@MSStore_JP,@studentsoftware,@MsftStoreDE,@MSFTStoreGaming,@MSScottsdale,@MSStoreOpenings,@id_microsoft,@Turn10Studios,@MicrosoftPress,@AvanadeInc,@avanadeuk,@AvanadeAUS,@InsideAvanade,@AvanadeSA,@AvanadeNL,@AvanadeBelgium,@AvanadeMY,@AvanadeNorway,@AvanadeSG,@AvanadeSpain,@AvanadeDACH,@AvanadeFrance,@AvanadeItaly,@AvanadeBrasil,@AvanadeFinland,@AvanadeSweden,@MSFTResearchCam,@fuselabs,@MSNewEngland,@msft_listens,@msdevindia,@Azure4Research,@MSDev_Gulf,@MSR_Answers,@Sysinternals,@MSFTaccess,@msdev_ch,@MSIntune,@MSAdvertising,@RoMicrosoft,@Nokia,@nokiamobile,@nokiaVR,@NokiaCareers,@nokianetworks,@NokiaHealth,@LumiaNews,@NokiaTops,@NokiaRevolution,@nokianews,@BellLabs,@nokiaIoT,@MSPress_de,@MileIQ,@RazorfishAU,@razorfishlondon,@RazorfishDesign,@razorfishbrasil,@RevolutionR,@MicrosoftR,@ParatureTU,@ParatureDemoMCS,@PPIbyMicrosoft,@MaluubaInc,@Adallom,@VoloMetrix,@pandonetworks,@SecureIslands,@HavokBuzz,@DatazenBI,@FieldOneSystem,@LinkedIn,@LinkedInMktg,@LinkedInHelp,@linkedinselling,@SlideShare,@LinkedInEng,@LinkedIn4Good,@LinkedInEditors,@LinkedInIndia,@ArtOfLinkedIn,@LinkedInBenelux,@ProFinder,@LinkedInBelgium,@noggle_linkedin,@connector_m,@LinkedInAcademy,@LI_Learning,@linkedinlaunchpad,@LinkedInBrasil,@bitstadium,@Adxstudio,@VideoSurf,@Halo,@bing,@UKBing,@bingmaps,@bingads,@BingAdsDE,@BingAdsSupport,@Xbox,@XboxSupport,@xboxuk,@ID_Xbox,@xboxlivenation,@XboxLiveRewards,@XboxAmbassadors,@XboxCanada,@XboxIE_Official,@XboxAustralia,@XboxAchs,@XboxNZ_Official,@OXMUK,@XboxEntertain,@XboxWire,@XboxSuomi,@xboxstore,@xbox_news,@XboxSupport1,@xboxse,@ID_Xbox_Games,@XboxSupport2,@XboxDVR,@XboxSupport3,@UnlockedXbox,@xboxfeed,@360newswire,@Xbox_Spain,@XobxOneLocator,@MSN,@MSNvideo,@MSNca_Entertain,@MSN_LNOTV,@MSN_TV,@CBS,@CBSi,@Twitter,@TwitterVideo,@TwitterSupport,@TwitterMoments,@TwitterAPI,@TwitterIndia,@TwitterSports,@TwitterData,@TwitterLive,@TwitterBooks,@TwitterMovies,@TwitterSafety,@TwitterComms,@TwitterGov,@Nonprofits,@design,@TwitterNews,@TwitterMktg,@Policy,@TwitterUK,@TwitterBusiness,@TwitterDev,@TwitterEng,@TwitterAdsHelp,@TwitterFood,@TwitterOSS,@TwitterOpen,@TwitterCanada,@TwitterSF,@TwitterWomen,@TwitterDetroit,@TwitterAU,@TwitterGamingES,@TwitterAlas,@TwitterATL,@TwitterMktgMENA,@TwitterDUX,@TwitterA11y,@TwitterBoulder,@TwitterMktgUK,@TwitterKorea,@TwitterFashion,@TwitterFaith,@TwitterMktgIN,@TwitterForGood,@TwitterStage,@TwitterAmplify,@TwitterREW,@TwitterU,@TwitterNYC,@twitter_ph,@TwitterMktgAU,@TwitterSportsCA,@TwitterVideoIN,@TwitterDevBr,@TwitterSportsJP,@TwitterMediaJP,@TwitterMktgBR,@TwitterMktgFR,@twittersecurity,@TwitterFashnJP,@Skype,@SkypeSupport,@SkypeClassroom,@SkypeLiveStudio,@SkypeBusiness,@skypeinmedia,@SkypeIndia,@skypejapan,,,,,,,
MITL,@Mitel,@MitelForums,@mitelusergroup,@MitelMobility,@Mitel_Espana,@Mitel_NO,@Mitel_BE,@Mitel_PT,@Mitel_AU,@Mitel_NL,@Mitel_BR,@Mitel_CH,@Mitel_MiCloud,@Mitel_MEA,@Mitel_IT,@Mitel_FI,@MITEL_MENA,@OAISYS,,,,,,,,,,,,,,,,,,,,,,,,,,,,,,,,,,,,,,,,,,,,,,,,,,,,,,,,,,,,,,,,,,,,,,,,,,,,,,,,,,,,,,,,,,,,,,,,,,,,,,,,,,,,,,,,,,,,,,,,,,,,,,,,,,,,,,,,,,,,,,,,,,,,,,,,,,,,,,,,,,,,,,,,,,,,,,,,,,,,,,,,,,,,,,,,,,,,,,,,,,,,,,,,,,,,,,,,,,,,,,,,,,,,,,,,,,,,,,,,,,,,,,,,,,,,,,,,,,,,,,,,,,,,,,,,,,,,,,,,,,
NTAP,@NetApp,@NetAppUK,@NetAppSchweiz,@NetAppEMEA,@NetAppANZ,@NetApp_NL,@NetAppAfrica,@NetAppME,@NetAppAPAC,@solidfire,@NetAppGov,@NetAppPartners,@NetAppID,@NetAppIT,@NetAppDoc,@NetAppATeam,@Avnet_UK_NetApp,@NetAppCanada,@NetAppIndia,@netappcommunity,@NetAppTools,@NetAppAssist,@NetAppInsight,@InsightEMEA,@NetAppCareers,@openstacknetapp,@storagegrid,@NetAppGermany,@NetAppFrance,@NetApp_es,@NetAppDir,@NetAppAccenture,@NetAppPhilly,,,,,,,,,,,,,,,,,,,,,,,,,,,,,,,,,,,,,,,,,,,,,,,,,,,,,,,,,,,,,,,,,,,,,,,,,,,,,,,,,,,,,,,,,,,,,,,,,,,,,,,,,,,,,,,,,,,,,,,,,,,,,,,,,,,,,,,,,,,,,,,,,,,,,,,,,,,,,,,,,,,,,,,,,,,,,,,,,,,,,,,,,,,,,,,,,,,,,,,,,,,,,,,,,,,,,,,,,,,,,,,,,,,,,,,,,,,,,,,,,,,,,,,,,,,,,,,,,,,,,,,,,,,
NKE,@Nike,@nikestore,@nikefootball,@NikeLab,@nikesb,@NikeNYC,@NikeRunning,@nikesportswear,@nikebasketball,@NikeStoreEurope,@NikeSeattle,@NikeLasVegas,@NikeLA,@NikeDC,@NikeUK,@NikeBoston,@nikesoccer,@NikePH,@FemaleNike,@NikeChicago,@NikeN7,@nikefootballza,@NikeSF,@NikeATL,@NikeForGirls,@NikeScottsdale,@Nikegoals,@NikeDallas,@nikegolf,@NIkeEugene,@NikePortland,@nikeaustralia,@NikeSupport,@NikeOC,@NikeRunningZA,@nikevancouver,@NikeTwinCities,@NikeAcademy,@NikeLacrosse,@NSWZA,@CalSwish_Nike,@AllNikeNews,@NikeTeamCanada,@nikebebold,@Converse,@ConverseID,@converse_mexico,@hurley,@hurleyaustralia,@umbro,@UmbroColombia,@UmbroCanada,@UmbroUSA,@UmbroIreland,@UmbroUK,@umbroina,@Umbro_SA,@UmbroItalia,@UmbroFrance,@UmbroArgentina,@umbroperu,@Umbrochile,@UmbroUruguay,@UmbroIberia,@umbrolatam,@UmbroNederland,@umbro_germany,@umbro_brasil,@UmbroEcuador,@UMBROMX,@NikeGolfPhils,@NikeGolfEU,@nikegolfSEA,@nikevision,@NikeVisionSA,@Jumpman23,,,,,,,,,,,,,,,,,,,,,,,,,,,,,,,,,,,,,,,,,,,,,,,,,,,,,,,,,,,,,,,,,,,,,,,,,,,,,,,,,,,,,,,,,,,,,,,,,,,,,,,,,,,,,,,,,,,,,,,,,,,,,,,,,,,,,,,,,,,,,,,,,,,,,,,,,,,,,,,,,,,,,,,,,,,,,,,,,,,,,,,,,,,,,,,,,,,,,,,,,,,,,,,,,,,,,,,,,,,,,,,,
IX,@ORIX_India,@Robeco,@CanaraRobeco,@RobecoSAM,@Robeco_NL,@Robeco_Prof_NL,@TeamRobeco,@RobecoPress,@ArrkGroup,,,,,,,,,,,,,,,,,,,,,,,,,,,,,,,,,,,,,,,,,,,,,,,,,,,,,,,,,,,,,,,,,,,,,,,,,,,,,,,,,,,,,,,,,,,,,,,,,,,,,,,,,,,,,,,,,,,,,,,,,,,,,,,,,,,,,,,,,,,,,,,,,,,,,,,,,,,,,,,,,,,,,,,,,,,,,,,,,,,,,,,,,,,,,,,,,,,,,,,,,,,,,,,,,,,,,,,,,,,,,,,,,,,,,,,,,,,,,,,,,,,,,,,,,,,,,,,,,,,,,,,,,,,,,,,,,,,,,,,,,,,,,,,,,,,
PEP,@pepsi,@PepsiColombia,@PepsiCo,@PepsiIndia,@PepsiCanada,@pepsipakistan,@PepsiNederland,@Pepsi_Naija,@Pepsi_Center,@pepsimtvindies,@PepsiMaxUK,@PepsiCoDeals,@PepsiMaxAUS,@PepsiUganda,@Pepsi_SA,@PepsiCenterTour,@PepsiCorpus,@PepsiVEN,@PepsiCoShowdown,@Pepsi_Arabia,@pepsijamaica,@pepsimasr,@PepsiBr,@PepsiGuate,@GlobalResponse,@pepsicoJOBS,@Pepsico_uk,@PepsiCo_UKTrade,@Global_PEP,@PepsiCo_Creator,@PepsiCoESSA,@PepsiCoMex,@PepsiCoTurkiye,@PepsiCoMovember,@LU_VGTournament,@Fritolay,@ChesterCheetah,@CheetosCanada,@Doritos,@DoritosUK,@doritosbrasil,@DoritosCanada,@DoritosSA,@Doritos_Mx,@DoritosOntario,@DoritosIreland,@DoritosVzla,@DoritosNL,@doritosES,@Tostitos,@TostitosCanada,@Tostitos_MX,@TOSTITOSTNF,@LAYS,@LaysPakistan,@LaysCanada,@Lays_India,@RUFFLES,@Ruffles_Oficial,@RufflesCanada,@RufflesTurkiye,@RoldGold,@walkers_crisps,@Tropicana,@TropicanaJuices,@TropicanaSlice,@IndiaTropicana,@TropicanaPH,@Quaker,@QuakerOatsUK,@QuakerCanada,@QuakerNL,@quakerchewy,@QuakerOats,@QuakerOatsSG,@QuakerOatsIRL,@Papas_Sabritas,@Gatorade,@GatoradeRD,@GatoradeUK,@GatoradePH,@GatoradeCanada,@BelgianGatorade,@GatoradeIndia,@GPPartner,@gatorademex,@GatoradeVzla,@GatoradeSpain,@GatoradeARG,@GatoradeBR,@FuelAlerts,@GatoradeBahrain,@gatoradeecuador,@GatoradeSV,@GamesaPR,@nakedjuice,@NakedJuice_UK,@NakedJuiceIRL,@NakedJuiceUK,@nakedjuiceES,@Sabra,@SabraTour2016,@SabraCanada,@SimbaChipsSA,@DuyvisNL,@MountainDew,@mountaindewuk,@DewCanada,@MountainDewIn,@DewPK,@MountainDewSA,@MoutainDewUg,@MountainDewNL,@MountainDewPH,@Mountaindew_Z,@Lipton,@LiptonGulf,@LiptonIceTeaUK,@LiptonIceTeaSA,@liptoniceteaph,@LiptonNG,@LiptonIceTeaIN,@dietpepsi,@7UP,@7UPIRELAND,@7UPIndia,@7UP_PK,@7Up_Nigeria,@7upFree,@7UPEgypt,@7UPNL,@7upGuate,@7UPecuador,@7up_RD,@Aquafina,@AquafinaNigeria,@Brisk,@Brisk_NL,@MistTwst,@Starbucks,@Starbucksnews,@StarbucksJobs,@SbuxIndonesia,@StarbucksUK,@starbucksprtnrs,@MyStarbucksIdea,@StarbucksCanada,@starbucksgold,@StarbucksMY,@StarbucksIndia,@starbuckshelp,@StarbucksSweden,@StarbucksEMEA,@StarbucksIE,@StarbucksAu,@starbucksdeals,@doubleshot,@Starbucks_SA,@starbucksmusic,@Starbucks_J,@SbuxArizona,@Sbux3rdWard,@StarbucksPride,@StarbucksGelman,@Scineworld,@sbuxhopkinton,@SbuxWrexham,@FerrisStarbucks,@frappuccino,@StarbucksDE,@moorlandsbux,@sbuxcleclinic,@NorthendSBUX,@StarbucksNorth7,@StarbucksNelson,@colchstarbucks,@WadsworthSBUX,,,,,,,,,,,,,,,,,,,,,,,,,,,,,,,,,,,,,,,,,,,,,,,,,,,,,,,,,,,,,,,,,,,,,,,,,,,,,,,,,,,,,,,,,,,,,,,,,,,,,,,,,,,,,,,,,,,,,,,,,,,
PFE,@pfizer,@pfizer_news,@PfizerCongress,@PfizerCareers,@Pfizer_Ireland,@pfizerbelgique,@PfizerCA,@pfizer_spain,@PfizerGrants,@pfizerbelgie,@PfizerMx,@Pfizer_bio,@PfizerlifeUK,@pfizer_de,@PfizerNL,@Woman_On,@Pfizer_France,@PfizerTrials,@jobs_pfizer,@HospiraJobs_,@HSPFoundation,@Hospira_atwork,@hospirauk,@devhospira,@HospiraDev,@AskHospira,@HospiraBiologic,@MedivationInc,@MedivationL,@ViiVHC,@ViiVUS,@KingPharm,@Lipitor_bio,@AdvilRelief,@CentrumSA,@ChapStick,@Robitussin,,,,,,,,,,,,,,,,,,,,,,,,,,,,,,,,,,,,,,,,,,,,,,,,,,,,,,,,,,,,,,,,,,,,,,,,,,,,,,,,,,,,,,,,,,,,,,,,,,,,,,,,,,,,,,,,,,,,,,,,,,,,,,,,,,,,,,,,,,,,,,,,,,,,,,,,,,,,,,,,,,,,,,,,,,,,,,,,,,,,,,,,,,,,,,,,,,,,,,,,,,,,,,,,,,,,,,,,,,,,,,,,,,,,,,,,,,,,,,,,,,,,,,,,,,,,,,,,,,,,,,,
PM,@InsidePMI,@Altria,@AltriaNews,@PMIScience,@careerspmftc,@CPMFTC,,,,,,,,,,,,,,,,,,,,,,,,,,,,,,,,,,,,,,,,,,,,,,,,,,,,,,,,,,,,,,,,,,,,,,,,,,,,,,,,,,,,,,,,,,,,,,,,,,,,,,,,,,,,,,,,,,,,,,,,,,,,,,,,,,,,,,,,,,,,,,,,,,,,,,,,,,,,,,,,,,,,,,,,,,,,,,,,,,,,,,,,,,,,,,,,,,,,,,,,,,,,,,,,,,,,,,,,,,,,,,,,,,,,,,,,,,,,,,,,,,,,,,,,,,,,,,,,,,,,,,,,,,,,,,,,,,,,,,,,,,,,,,,,,,,,,,
PLCM,@Polycom,@PolycomEMEA,@PolycomAPAC,@RP1Cloud,@WestconPolycom,@PolycomHealth,@Polycom_Video,@polycomID,@PolyComWA,@Digitcom,@trcnetworks,@WestconUK,@LifeAtPolycom,@PolycomSpain,@PolycomNZ,@PolycomPP_APAC,@PolycomBenelux,@VoyantComm,@SpectralinkCorp,,,,,,,,,,,,,,,,,,,,,,,,,,,,,,,,,,,,,,,,,,,,,,,,,,,,,,,,,,,,,,,,,,,,,,,,,,,,,,,,,,,,,,,,,,,,,,,,,,,,,,,,,,,,,,,,,,,,,,,,,,,,,,,,,,,,,,,,,,,,,,,,,,,,,,,,,,,,,,,,,,,,,,,,,,,,,,,,,,,,,,,,,,,,,,,,,,,,,,,,,,,,,,,,,,,,,,,,,,,,,,,,,,,,,,,,,,,,,,,,,,,,,,,,,,,,,,,,,,,,,,,,,,,,,,,,,,,,,,,,,
PG,@ProcterGamble,@ThankYouMom,@PG_CSDW,@Pgeveryday,@PGUK,@PG_Latino,@PGSAWomen,@pgsaudi,@PandGBRK,@BeautyRecommend,@PGatFIU,@SwifferProducts,@Procter_Gamble_,@Pantene,@COVERGIRL,@Crest,@Pampers,@PGeverydayCA,@OldSpice,@tide,@Charmin,@PGKenya,@SecretDeodorant,@GilletteVenus,@Bounty,@Downy,@Gillette,@GilletteStadium,@WorldSport,@GilletteUK,@GilletteIndia,@GilletteVenusUK,@Gillette_DE,@GilletteBR,@GilletteVenusIn,@Braun,@BraunUS,@TheArtofShaving,@ArtofShavingRus,@Clearblue,@CLearBlue_CRE,@Clearblue_Easy,@DawnDish,@Always,@AlwaysFrance,@cuidatupiel,@AussieHair,@ClairolColor,@Clairol_Organic,@fekkai,@herbalessences,@HerbalArabia,@HerbalMexico,@HerbalEsseancesC,@HerbalLATAM,@HerbalArg,@HerbalAustralia,@herbalessenceHE,@HE_nakedvolume,@HS_shampoo,@HSPeru,@HeadshouldersEU,@HandSshampoo,@HeadShouldersMR,@HeadnShouldersx,@headshoulderssg,@HSColorSafe,@NickyClarkeUK,@PantenePakistan,@Pantene_India,@PanteneUK,@PanteneArabia,@pelopantene,@PanteneBrasil,@PanteneID,@PanteneMexio,@PanteneLA,@PanteneArg,@PanteneJapan,@cabelopantenePT,@PanteneES,@vidalsassoon,@VidalSassoonUK,@VidalSassoonMX,@vidalsassoonph,@VS_Korea,@FixodentUS,@ScopeMouthwash,@Metamucil,@MetamucilBR,@MetamucilCanada,@MetamucilPH,@vicksindonesia,@SwisseAU,@SwisseUK,@SwisseUSA,@BounceFresh,@MyCascade,@Febreze_Fresh,@FebrezeInWash,@RealMrClean,@Puffs,@Luvs,@Safeguard_PK,@TideLaundryLine,@TideNFL,@Swiffer,@Swiffer_WetJet,@zevoinsect,@Downy_PH,@DownyWRplus,@DownyID,@Dreft,@Double_Dreft,@Gain,@Ivory,@OlaySkin,@OlayPhilippines,@OlayNatWhite,@OlayIndia,@OlayIndonesia,@Olay_Mexico,@OldSpiceIndia,@OldSpiceLA,@OLD_SPICE_POWER,@Lobo_OldSpice,@OldSpicePH,@OldSpiceBA,@oldspicebw,@ZIRHskincare,,,,,,,,,,,,,,,,,,,,,,,,,,,,,,,,,,,,,,,,,,,,,,,,,,,,,,,,,,,,,,,,,,,,,,,,,,,,,,,,,,,,,,,,,,,,,,,,,,,,,,,,,,,,,,,,,,,,,,,,,,,,,,,,,,,,,,,,,,,,,,,,,,,,,,,,,,,,,,,,,,,,,,,,,,
RDSA,@Shell,@Shell_NatGas,@BGGroup,@Shell_Alaska,@royaldutchshell,@Shell_US,@Shell_Nigeria,@ShellMotorsport,@shell_ecomar,@Shell_Canada,@shellracingus,@Shell_Careers,@Shell_OnTheRoad,@Shell_Qatar,@Shell_Australia,@Shell_India,@Shell_ProjectM,@ShellMiddleEast,@Shell_Martinez,@ShellRotella,@Shell_Nederland,@raizenoficial,@SalymPetroleum,@Pennzoil,@PennzoilMsia,@PennzoilRacing,@PennzoilMexico,@PennzoilNederland,@PennzoilRewards,@vivoenergykenya,@VivoEnergy,@VivoEnergyUg,@VivoenergyNam,@VivoEnergyGhana,@VivoEnergyMitus,@VivoEnergyBots,@VivoenergyMaroc,@VivoEnergyCI,@VivoEnergyMal,@VivoEnergyTN,@VIVOENERGYTunis,@VivoenergyGN,,,,,,,,,,,,,,,,,,,,,,,,,,,,,,,,,,,,,,,,,,,,,,,,,,,,,,,,,,,,,,,,,,,,,,,,,,,,,,,,,,,,,,,,,,,,,,,,,,,,,,,,,,,,,,,,,,,,,,,,,,,,,,,,,,,,,,,,,,,,,,,,,,,,,,,,,,,,,,,,,,,,,,,,,,,,,,,,,,,,,,,,,,,,,,,,,,,,,,,,,,,,,,,,,,,,,,,,,,,,,,,,,,,,,,,,,,,,,,,,,,,,,,,,,,,,,,,,,,
SOV,@bancosantander,@SanInnoventures,@GrupoBPopular,@POPafectados,@bancopopularpt,@RecBancoPopular,@santander_es,@openbank_es,@santanderchile,@santander_resp,@FBancoSantander,@FutbolSantander,@SantanderCLnews,@sanEmpresas_es,@ccoo_santander,@empleosantander,@SantanderBankUS,@SantanderUniPL,@BankZachodniWBK,@isban,@grupoisban,@attijari_bank,@ProdubanS,@wizinkbank,,,,,,,,,,,,,,,,,,,,,,,,,,,,,,,,,,,,,,,,,,,,,,,,,,,,,,,,,,,,,,,,,,,,,,,,,,,,,,,,,,,,,,,,,,,,,,,,,,,,,,,,,,,,,,,,,,,,,,,,,,,,,,,,,,,,,,,,,,,,,,,,,,,,,,,,,,,,,,,,,,,,,,,,,,,,,,,,,,,,,,,,,,,,,,,,,,,,,,,,,,,,,,,,,,,,,,,,,,,,,,,,,,,,,,,,,,,,,,,,,,,,,,,,,,,,,,,,,,,,,,,,,,,,,,,,,,,,
SRCL,@Stericycle_Inc,@SteriExperts,@StericycleComms,@StericycleGxP,@Steri_Enviro,@Stericycle_ES,@Stericycle_BRA,@StericycleMex,@eusoustericycle,@StericycleMrt,@StericycleAB,@SRCL_ltd,@srclireland,@My_Enviromed,@MEDAM_migration,@Five_Star_Waste,,,,,,,,,,,,,,,,,,,,,,,,,,,,,,,,,,,,,,,,,,,,,,,,,,,,,,,,,,,,,,,,,,,,,,,,,,,,,,,,,,,,,,,,,,,,,,,,,,,,,,,,,,,,,,,,,,,,,,,,,,,,,,,,,,,,,,,,,,,,,,,,,,,,,,,,,,,,,,,,,,,,,,,,,,,,,,,,,,,,,,,,,,,,,,,,,,,,,,,,,,,,,,,,,,,,,,,,,,,,,,,,,,,,,,,,,,,,,,,,,,,,,,,,,,,,,,,,,,,,,,,,,,,,,,,,,,,,,,,,,,,,
SPWR,@SunPower,@StallarSolar,@_InfinitySolar,@LetsSolarPayYou,@SunPowerTalent,@SunPowerByREE,@ProVoltzInc,@Total,@CypressSemi,@Helios_Power,@HeliosSolarWrks,@HeliosSolarCar,@HeliosSolar,@Total_Lubmarine,@TotalPress,@TotalGhana,@TOTALUSA,@TOTALNigeria,@TOTALinUK,@Spansion,,,,,,,,,,,,,,,,,,,,,,,,,,,,,,,,,,,,,,,,,,,,,,,,,,,,,,,,,,,,,,,,,,,,,,,,,,,,,,,,,,,,,,,,,,,,,,,,,,,,,,,,,,,,,,,,,,,,,,,,,,,,,,,,,,,,,,,,,,,,,,,,,,,,,,,,,,,,,,,,,,,,,,,,,,,,,,,,,,,,,,,,,,,,,,,,,,,,,,,,,,,,,,,,,,,,,,,,,,,,,,,,,,,,,,,,,,,,,,,,,,,,,,,,,,,,,,,,,,,,,,,,,,,,,,,,,,,,,,,,
TROW,@TRowePrice,@TRowePriceNews,@_TRowePrice_,,,,,,,,,,,,,,,,,,,,,,,,,,,,,,,,,,,,,,,,,,,,,,,,,,,,,,,,,,,,,,,,,,,,,,,,,,,,,,,,,,,,,,,,,,,,,,,,,,,,,,,,,,,,,,,,,,,,,,,,,,,,,,,,,,,,,,,,,,,,,,,,,,,,,,,,,,,,,,,,,,,,,,,,,,,,,,,,,,,,,,,,,,,,,,,,,,,,,,,,,,,,,,,,,,,,,,,,,,,,,,,,,,,,,,,,,,,,,,,,,,,,,,,,,,,,,,,,,,,,,,,,,,,,,,,,,,,,,,,,,,,,,,,,,,,,,,,,,
DIS,@WaltDisneyCo,@Disney,@DisneyParks,@WaltDisneyWorld,@DisneyPixar,@DisneyStudios,@DisneyD23,@DisneyAnimation,@Disneyland,@DisneyCruise,@DI_Jobs,@DisneyChannelPR,@DisneyStore,@DisneyMusic,@DisneyAnimJobs,@DisneySprings,@MarvelStudios,@ABC,@FreeformTV,@WDFMuseum,@TWDCArchives,@DisneyCareers,@runDisney,@DisneyAlliances,@DisneyZootopia,@WaltDisneyDaily,@DisneyAnimators,@DisneyStudiosCA,@DisneyStudiosAU,@FrozenFans,@AdorableDisney,@wdwfacts,@DisneyPrensaCL,@DisneyResearch,@upcomingpixar,@PixarTalk,@THePixarTimes,@pixarplanet,@PixarRecruiting,@PixarPatrol,@pixarcoco,@findingdory,@disneyfilmindia,@TheGoodDinosaur,@PixarAnimation,@DisneyParks,@DisneyChannel,@DisneyChannelFR,@DisneyChannelCA,@DisneyChannelUK,@DisneyChannelAU,@DIsneyChannelDE,@RavensHome,@DisneyCh_UKNews,@Marvel ,@MarvelStudiosID,@DisneyStudiosIE,@Avengers,@CaptainAmerica,@AgentsofSHIELD,@thorofficial,@Guardians,@MarvelUK,@captainmarvel,@AntMan,@Daredevil,@theblackpanther,@theinhumans,@DrStrange,@MarvelMusicInc,@AgentCaterTV,@MarvelSG,@CollectorCorps,@starwars,@ABCStudios,@abcsouthqld,@ABCPolitics,@ABCGoldfieldsWA,@ABCGreatSouthWA,@ABCNetwork,@BoyBandABC,@ABCthedrum,@ABC7News,@abcadelaide,@GreysABC,@abc730,@ScandalABC,@DancingABC,@abcsydney,@abcnewsPerth,@OnceABC,@ABC7NY,@BachelorABC,@BacheloretteABC,@ABC_Casting,@ABC7Chicago,@Castle_ABC,@HowToGetAwayABC,@ABC_Publicity,@ABCNews4,@ABC7Kidd,@Revenge,@ThisWeekABC,@abcnewsMelb,@TheGoldbergsABC,@FreshOffABC,@abc3340,@abcWNN,@abchobart,@abcopen,@BodyOfProofABC,@MistressesABC,@TheMuppetsABC,@ABC_TheCatch,@abc4utah,@abcnewsAdelaide,@abcnewsone,@abcdarwin,@ABCSplash,@ABCSW,@ABCFarNorth,@AlexInABC,@PyramidABC,@abcmelbourne,@ABCReady,@ABCnorthqld,@ABCTropical,@abcballarat,@ABCStudiosUK,@abcwidebay,@SharkTankABC,@ABCPoliPics,@ABC10,@ABC7GMW,@ABCWorldNews,@ABCNewsRadio,@dcljobs,@TheDIS,@FreeformPDX,@FreeformTVPR,@ShadowhuntersTV,@PLLTVSeries,@TheFostersTV,@13Nights,@25Days,@BeyondTVSeries,@ShadowhuntersWR,@JobOrNoJob,@radiodisney,@RDCountry,#RadioDisneyLA,@RadioDisneyMX,@DisneyABCTV,@RadioDisneyBRA,@ABCRadio,@DisneyXD,@DisneyXDFR,@DisneyXD_AU,@DisneyXDUK,@DuckTales,@YokaiWatchNews,@DaronNefcy,@DisneyXD_LA,@DisneyXDIT,@disneyxdnl,@MakerStudios,@ESPNRadio,@NBAonESPNRadio,@MLBonESPNRadio,@MikeAndMike,@hollywoodRecords,,,,,,,,,,,,,,,,,,,,,,,,,,,,,,,,,,,,,,,,,,,,,,,,,,,,,,,,,,,,,,,,,,,,,,,,,,,,,,,,,,,,,,,,,,,,,,,,,,,,,,,,,,,,,,,,,,,,,,,,,,,,,,,,,
WU,@WesternUnion,@WesternUnionCEO,@WesternUnionCIO,@wucanada,@WUBusiness,@WUNewsroom,@TheWUFoundation,@WUVimenca,@WUStopFraud,@WesternUnion_,@WesternUnionID,@WesternUnion_ID,@TransferExpress,@TheTransferExp,,,,,,,,,,,,,,,,,,,,,,,,,,,,,,,,,,,,,,,,,,,,,,,,,,,,,,,,,,,,,,,,,,,,,,,,,,,,,,,,,,,,,,,,,,,,,,,,,,,,,,,,,,,,,,,,,,,,,,,,,,,,,,,,,,,,,,,,,,,,,,,,,,,,,,,,,,,,,,,,,,,,,,,,,,,,,,,,,,,,,,,,,,,,,,,,,,,,,,,,,,,,,,,,,,,,,,,,,,,,,,,,,,,,,,,,,,,,,,,,,,,,,,,,,,,,,,,,,,,,,,,,,,,,,,,,,,,,,,,,,,,,,,
TAC,@TransAlta,,,,,,,,,,,,,,,,,,,,,,,,,,,,,,,,,,,,,,,,,,,,,,,,,,,,,,,,,,,,,,,,,,,,,,,,,,,,,,,,,,,,,,,,,,,,,,,,,,,,,,,,,,,,,,,,,,,,,,,,,,,,,,,,,,,,,,,,,,,,,,,,,,,,,,,,,,,,,,,,,,,,,,,,,,,,,,,,,,,,,,,,,,,,,,,,,,,,,,,,,,,,,,,,,,,,,,,,,,,,,,,,,,,,,,,,,,,,,,,,,,,,,,,,,,,,,,,,,,,,,,,,,,,,,,,,,,,,,,,,,,,,,,,,,,,,,,,,,,,
TRV,@Travelers,@AskTravelers,@TRV_Insurance,@TRV_Careers,@TravelersChamp,@TravelersCanada,,,,,,,,,,,,,,,,,,,,,,,,,,,,,,,,,,,,,,,,,,,,,,,,,,,,,,,,,,,,,,,,,,,,,,,,,,,,,,,,,,,,,,,,,,,,,,,,,,,,,,,,,,,,,,,,,,,,,,,,,,,,,,,,,,,,,,,,,,,,,,,,,,,,,,,,,,,,,,,,,,,,,,,,,,,,,,,,,,,,,,,,,,,,,,,,,,,,,,,,,,,,,,,,,,,,,,,,,,,,,,,,,,,,,,,,,,,,,,,,,,,,,,,,,,,,,,,,,,,,,,,,,,,,,,,,,,,,,,,,,,,,,,,,,,,,,,
JCI,@johnsoncontrols,@JCI_Buildings,@JCI_IR,@JCI_BatteryBeat,@JCI_Careers,@VARTAbatteryUSA,@VARTAPowersport,VARTABATTERIES1,@VartaColombia,@TycoSecurityPro,@TycoBMW,@Tyco_IS,@TycoFPPCanada,@TycoFire,@tyco_ifs_UKI,@TycoSecProTech,@TycoRetailNews,@TycoGFD,@TycoSG,@Tyc0Careers,@TycoSWH_Support,@tycoproteccion,@TycoCE,@TycoBNL,@TycoMechathon,@ANSULFire,@Grinnell_Mech,@ShopperTrak,@ShopperTrakEMEA,@ShopperTrakUK,@ReTelTech,@ShopperTrakFR,@ShopperTrakDE,@ShopperTrakES,@ShopperTrakIT,@ShopperTrakLabs,@OptimaBatteries,@HygoodFire,@AmerDynamics,@TycoSPDocs,@chemguard,@ADT,@ADTJobs,@ADT_UK,@ProtectYourHome,@FidelityADT,@apexadtsecurity,@exacq,@DSC_Security,@Scott_Safety,@ScottSafetyEMEA,@ScottSafetyANZ,@EASsensormatic,@SWHouseSecurity,@CEMSystems,@Quantech_HVAC,@HitachiGlobal,@HitachiEurope,@Hitachi_US,@HitachiInsight,@HitachiRailEU,@HitachiCME,@HITACHITOOLS,@SocInnovBiz_US,@HitachiHome,@HitachiToolsUSA,@HALProjectors,@HitachiAV,@HitachiSolUSPSG,@ArrowHitachi,@HIT_Consulting,@hitachiheating,@LuzaireHVAC,@LuzaireCares,@LuxaireHvacSer,@Colemanaus,@MetasysMan,,,,,,,,,,,,,,,,,,,,,,,,,,,,,,,,,,,,,,,,,,,,,,,,,,,,,,,,,,,,,,,,,,,,,,,,,,,,,,,,,,,,,,,,,,,,,,,,,,,,,,,,,,,,,,,,,,,,,,,,,,,,,,,,,,,,,,,,,,,,,,,,,,,,,,,,,,,,,,,,,,,,,,,,,,,,,,,,,,,,,,,,,,,,,,,,,,,,,,,,,,,,,,,,,,,,,,,,,,,,,,,
UTK,,,,,,,,,,,,,,,,,,,,,,,,,,,,,,,,,,,,,,,,,,,,,,,,,,,,,,,,,,,,,,,,,,,,,,,,,,,,,,,,,,,,,,,,,,,,,,,,,,,,,,,,,,,,,,,,,,,,,,,,,,,,,,,,,,,,,,,,,,,,,,,,,,,,,,,,,,,,,,,,,,,,,,,,,,,,,,,,,,,,,,,,,,,,,,,,,,,,,,,,,,,,,,,,,,,,,,,,,,,,,,,,,,,,,,,,,,,,,,,,,,,,,,,,,,,,,,,,,,,,,,,,,,,,,,,,,,,,,,,,,,,,,,,,,,,,,,,,,,,,
UNH,@UnitedHealthGrp,@myUHC,@askUHC,@optum,@OptumRx,@Optum_Provider,@Optum_Support,@myOptum,@OptumLabs,@OptumHospiceRx,@pregnancyorg,@Optum360Coding,@Optum360,@HeliosComp,@OptumOneMD,@POMCOGroup,@lotteneyes,@rpharms,@RPSScotland,@RPS_LNR,@RPSsupport,@RPS_Stakeholder,@RPS_Wales,,,,,,,,,,,,,,,,,,,,,,,,,,,,,,,,,,,,,,,,,,,,,,,,,,,,,,,,,,,,,,,,,,,,,,,,,,,,,,,,,,,,,,,,,,,,,,,,,,,,,,,,,,,,,,,,,,,,,,,,,,,,,,,,,,,,,,,,,,,,,,,,,,,,,,,,,,,,,,,,,,,,,,,,,,,,,,,,,,,,,,,,,,,,,,,,,,,,,,,,,,,,,,,,,,,,,,,,,,,,,,,,,,,,,,,,,,,,,,,,,,,,,,,,,,,,,,,,,,,,,,,,,,,,,,,,,,,,,
UNVR,@Univar,@PECVC,@UnivarES,@UnivarSC,@univarmexico,@chempoint,@cpt_coatings,@Distrupol,@UlizesStrategy,,,,,,,,,,,,,,,,,,,,,,,,,,,,,,,,,,,,,,,,,,,,,,,,,,,,,,,,,,,,,,,,,,,,,,,,,,,,,,,,,,,,,,,,,,,,,,,,,,,,,,,,,,,,,,,,,,,,,,,,,,,,,,,,,,,,,,,,,,,,,,,,,,,,,,,,,,,,,,,,,,,,,,,,,,,,,,,,,,,,,,,,,,,,,,,,,,,,,,,,,,,,,,,,,,,,,,,,,,,,,,,,,,,,,,,,,,,,,,,,,,,,,,,,,,,,,,,,,,,,,,,,,,,,,,,,,,,,,,,,,,,,,,,,,,,
VZ,@verizon,@VerizonSupport,@VerizonNews,@VZWSupport,@VerizonDeals,@VZEnterprise,@verizonfios,@VerizonCareers,@VerizonLatino,@VZBizMarkets,@VerizonPolicy,@VZFoundation,@VerizonVehicle,@VZWNow,@VerizonVentures,@VZWSmallBiz,@VZTelematics,@Networkfleet,@verizondigital,@VZLaborfacts,@AOL,@XOComm,@VodafoneGroup,@AOLLifestyle,@AOLNews,@AOLEntertain,@InTheKnowbyAOL,@aoltraveluk,@AOLSupportHelp,@aim,@AOLCars,@ONEbyAOL,@AOL_inc,@AOLFinance,@WhatToWatchAOL,@aolorginials,@aolmail,@AOLMoney,@AOLBUILD_tech,@AOLDesktop,@fleetmatics,@FLeetmaticsUK,@Fleetmatics_HR,@Fleetmatics_EUR,@FleetmaticsNL,@fleetmaticsAF,@TMRK_vCloud,@TMRKWorldwide,@Terremark,@TerremarkTurkey,@edgecast,@VodafoneIN,@VodafoneUK,@VodafoneQatar,@VodafoneAU,@vodafoneNZ,@VodafoneVGE,@VodafoneAU_Help,@VodafoneIoT,@VodafoneState,@VodafoneFJ,@FunOnWithU,@VodafoneUKhelp,@vodafone_es,@VodafoneIreland,@VodafoneIT,@VodafoneGhana,@VodafoneMusicGH,@VodafoneFdn,@VodafoneUganda,@VodafoneEgypt,@VodafoneDestek,@VodafoneIEbiz,@VodafoneIN_Fdtn,@VodafoneProject,@Vodafone_Auto,@VodafoneUK_WN,@VodafoneTV_es,@VodafoneINBiz,@vodafoneNL,@vodafone_de,@Vodafonexone,@Vodafone_CZ,@VodafoneID,@VodafoneUA,@vodafonegranada,@intel,@intelnews,@IntelSoftware,@IntelGaming,@Inteliot,@IEM,@IntelITCenter,@JobsatIntel,@intelcapital,@IntelAI,@IntelSecurity,@intelcanada,@IntelIndia,@IntelStorage,@IntelSWevents,@IntelRetail,@IntelSouthAfrica,@IntelPolicy,@Intel_Africa,@IntelUK,@IntelFPGA,@IntelDevTools,@IntelHPC,@IntelHealth,@SensitySystems,@Yahoo,@YahooNews,@yahoomamil,@YahooSports,@YahooCareers,@YahooSearch,@YahooSportUK,@YahooCare,@YahooNewsUK,@YahooFantasy,@YahooPH,@YahooGemini,@YahooEsports,@YahooMoviesUK,@YahooBDL,@YahooResearch,@YahooPolitics,@YahooCanada,@YahooSG,@YahooShopping,@Aviate,@YahooCASports,@yahooPOP,@YahooStyleCA,@YahooFinanceUK,@yahoophoto,@YahooTVUK,@YahooLive,@YahooAdsCA,@YahooEntsME,@YahooBHRP,@asbcares,@YahooMusic,@YahooCelebrity,@YahooStyle,@YahooIndia,@YahooNewsME,@YahooGeminiUK,@yahooDeportes,,,,,,,,,,,,,,,,,,,,,,,,,,,,,,,,,,,,,,,,,,,,,,,,,,,,,,,,,,,,,,,,,,,,,,,,,,,,,,,,,,,,,,,,,,,,,,,,,,,,,,,,,,,,,,,,,,,,,,,,,,,,,,,,,,,,,,,,,,,,,,,,,,,,,,
V,@Visa,@VisaNews,@VisaEurope,@Visamiddleeast,@Visa_IND,@askvisa,@VisaCheckout,@VisaAU,@Visa_Fr,@Visa_NZ,@Visa_Europe,@VisaDeveloper,@VisaSecurity,@VisaUK,@VisaKenya,@VisaNigeria,@VisaCA,@RushCard,@CyberSourceUK,@cybersourcenews,@CyberSourceAPAC,@CyberSourceTech,@TrialPay,@AuthorizeNet,@AuthorizeNetDev,@playspan,@Visa_SA,@Visa_IT,@VisaBR,@VisaMX,@VisaEuropeJobs,@VisaNegocios,@VISA_PL,@VisaFutur,@visarussia,@VisaSignature,@Fundamo,,,,,,,,,,,,,,,,,,,,,,,,,,,,,,,,,,,,,,,,,,,,,,,,,,,,,,,,,,,,,,,,,,,,,,,,,,,,,,,,,,,,,,,,,,,,,,,,,,,,,,,,,,,,,,,,,,,,,,,,,,,,,,,,,,,,,,,,,,,,,,,,,,,,,,,,,,,,,,,,,,,,,,,,,,,,,,,,,,,,,,,,,,,,,,,,,,,,,,,,,,,,,,,,,,,,,,,,,,,,,,,,,,,,,,,,,,,,,,,,,,,,,,,,,,,,,,,,,,,,,,,
WMT,@Walmart,@WalmartToday,@WalmartNewsroom,@walmarthelp,@WalmartCareers,@WalmartCanada,@WalmartLabs,@WalmartGiving,@WalmartAction,@SamsClub,@SamsClubNews,@SamsClubMexico,@SamsClubOntario,@SamsClubCanada,@WalmartMexico,@Walmart_Chile,@WalmartMXyCAM,@asda,@FamilyMobile,@Walmart_Games,@Walmart_BR,@WalmartCOM,@wmtAlmaden,@AsdaServiceTeam,@AsdaFoundation,@AsdaPride,@AsdaCommunity,@Jet,@JetHeads,@JetTechnology,@ModCloth,@ModCloth_Cares,@VuduFans,@MoosejawMadness,@Bonobos,@BonobosGolf,,,,,,,,,,,,,,,,,,,,,,,,,,,,,,,,,,,,,,,,,,,,,,,,,,,,,,,,,,,,,,,,,,,,,,,,,,,,,,,,,,,,,,,,,,,,,,,,,,,,,,,,,,,,,,,,,,,,,,,,,,,,,,,,,,,,,,,,,,,,,,,,,,,,,,,,,,,,,,,,,,,,,,,,,,,,,,,,,,,,,,,,,,,,,,,,,,,,,,,,,,,,,,,,,,,,,,,,,,,,,,,,,,,,,,,,,,,,,,,,,,,,,,,,,,,,,,,,,,,,,,,,
WAC,@WalterEnergy,@ditech,@theditechracing,@allyfinancial,,,,,,,,,,,,,,,,,,,,,,,,,,,,,,,,,,,,,,,,,,,,,,,,,,,,,,,,,,,,,,,,,,,,,,,,,,,,,,,,,,,,,,,,,,,,,,,,,,,,,,,,,,,,,,,,,,,,,,,,,,,,,,,,,,,,,,,,,,,,,,,,,,,,,,,,,,,,,,,,,,,,,,,,,,,,,,,,,,,,,,,,,,,,,,,,,,,,,,,,,,,,,,,,,,,,,,,,,,,,,,,,,,,,,,,,,,,,,,,,,,,,,,,,,,,,,,,,,,,,,,,,,,,,,,,,,,,,,,,,,,,,,,,,,,,,,,,,
WFC,@WellsFargo,@WFAssetMgmt,@WFAdvisors,@Ask_WellsFargo,@WellsFargoB2B,@WellsFargoNews,@WellsFargoWorks,@WellsFargoJobs,@WelssFargoCtr,@WelssFargoGolf,@NorwestVP,@HDVest,@Wachovia,@GalliardCapital,@AcordiaNetwork,@PPDevelopments,,,,,,,,,,,,,,,,,,,,,,,,,,,,,,,,,,,,,,,,,,,,,,,,,,,,,,,,,,,,,,,,,,,,,,,,,,,,,,,,,,,,,,,,,,,,,,,,,,,,,,,,,,,,,,,,,,,,,,,,,,,,,,,,,,,,,,,,,,,,,,,,,,,,,,,,,,,,,,,,,,,,,,,,,,,,,,,,,,,,,,,,,,,,,,,,,,,,,,,,,,,,,,,,,,,,,,,,,,,,,,,,,,,,,,,,,,,,,,,,,,,,,,,,,,,,,,,,,,,,,,,,,,,,,,,,,,,,,,,,,,,,
HCN,@Welltower,,,,,,,,,,,,,,,,,,,,,,,,,,,,,,,,,,,,,,,,,,,,,,,,,,,,,,,,,,,,,,,,,,,,,,,,,,,,,,,,,,,,,,,,,,,,,,,,,,,,,,,,,,,,,,,,,,,,,,,,,,,,,,,,,,,,,,,,,,,,,,,,,,,,,,,,,,,,,,,,,,,,,,,,,,,,,,,,,,,,,,,,,,,,,,,,,,,,,,,,,,,,,,,,,,,,,,,,,,,,,,,,,,,,,,,,,,,,,,,,,,,,,,,,,,,,,,,,,,,,,,,,,,,,,,,,,,,,,,,,,,,,,,,,,,,,,,,,,,,
WBK,@Westpac,@StGeorgeBank,@BT_Financial,@BTFGnews,@HastingsMgt,@AscalonCapital,,,,,,,,,,,,,,,,,,,,,,,,,,,,,,,,,,,,,,,,,,,,,,,,,,,,,,,,,,,,,,,,,,,,,,,,,,,,,,,,,,,,,,,,,,,,,,,,,,,,,,,,,,,,,,,,,,,,,,,,,,,,,,,,,,,,,,,,,,,,,,,,,,,,,,,,,,,,,,,,,,,,,,,,,,,,,,,,,,,,,,,,,,,,,,,,,,,,,,,,,,,,,,,,,,,,,,,,,,,,,,,,,,,,,,,,,,,,,,,,,,,,,,,,,,,,,,,,,,,,,,,,,,,,,,,,,,,,,,,,,,,,,,,,,,,,,,
,,,,,,,,,,,,,,,,,,,,,,,,,,,,,,,,,,,,,,,,,,,,,,,,,,,,,,,,,,,,,,,,,,,,,,,,,,,,,,,,,,,,,,,,,,,,,,,,,,,,,,,,,,,,,,,,,,,,,,,,,,,,,,,,,,,,,,,,,,,,,,,,,,,,,,,,,,,,,,,,,,,,,,,,,,,,,,,,,,,,,,,,,,,,,,,,,,,,,,,,,,,,,,,,,,,,,,,,,,,,,,,,,,,,,,,,,,,,,,,,,,,,,,,,,,,,,,,,,,,,,,,,,,,,,,,,,,,,,,,,,,,,,,,,,,,,,,,,,,,,